t, pose_x, pose_y, pose_theta, linear_displacement, linear_velocity, profile_displacement, profile_velocity, velocity_command_dx, velocity_command_dy, velocity_command_dtheta, steering_command_dx, steering_command_dy, steering_command_dtheta, cross_track_error, along_track_error, lookahead_point_x, lookahead_point_y, lookahead_point_velocity
0.0, 16.33, 51.725, 3.141592653589793, 0.0, 0.0, 0.0, 0.0, 0.0, 0.0, -0.0, -16.0, 0.0, 0.0, 0.0, 0.0, 32.33, 51.725, -61.96773353931868
0.01, 16.33, 51.725, 3.141592653589793, 0.0, 0.0, -0.006, -1.2, -1.2285017999999999, 0.0, 0.0, -16.0, 0.0, 0.0, 0.0, -0.006, 32.33, 51.725, -61.96773353931868
0.02, 16.342285018, 51.725, 3.141592653589793, -0.012285017999999998, -1.2285017999999999, -0.024, -2.4, -2.4322215149946, 0.0, 0.0, -16.0, 0.0, 0.0, 0.0, -0.011714982000000002, 32.342285018, 51.725, -61.99151880959201
0.03, 16.366607233149946, 51.725, 3.141592653589793, -0.036607233149946, -2.4322215149946, -0.054, -3.5999999999999996, -3.6364106771623033, 0.0, 0.0, -16.000000000000004, 0.0, 0.0, 0.0, -0.017392766850053996, 32.36660723314995, 51.725, -62.03858263980559
0.04, 16.402971339921567, 51.725, 3.141592653589793, -0.07297133992156904, -3.6364106771623033, -0.096, -4.8, -4.840560722438256, 0.0, 0.0, -15.999999999999996, 0.0, 0.0, 0.0, -0.023028660078430963, 32.402971339921564, 51.725, -62.10888118120609
0.05, 16.45137694714595, 51.725, 3.141592653589793, -0.1213769471459516, -4.840560722438256, -0.15000000000000002, -6.0, -6.044682103030306, 0.0, 0.0, -15.999999999999996, 0.0, 0.0, 0.0, -0.028623052854048425, 32.451376947145945, 51.725, -62.20233490243777
0.060000000000000005, 16.511823768176253, 51.725, 3.141592653589793, -0.18182376817625467, -6.044682103030306, -0.21600000000000003, -7.2, -7.248774812515285, 0.0, 0.0, -16.000000000000004, 0.0, 0.0, 0.0, -0.03417623182374535, 32.51182376817626, 51.725, -62.31883908066888
0.07, 16.584311516301405, 51.725, 3.141592653589793, -0.2543115163014075, -7.248774812515285, -0.29400000000000004, -8.4, -8.452839053776831, 0.0, 0.0, -16.0, 0.0, 0.0, 0.0, -0.039688483698592514, 32.584311516301405, 51.725, -62.45826417626683
0.08, 16.668839906839175, 51.725, 3.141592653589793, -0.33883990683917586, -8.452839053776831, -0.384, -9.6, -9.656875024076221, 0.0, 0.0, -16.0, 0.0, 0.0, 0.0, -0.045160093160824144, 32.668839906839175, 51.725, -62.620456542901394
0.09, 16.765408657079938, 51.725, 3.141592653589793, -0.4354086570799381, -9.656875024076221, -0.486, -10.799999999999999, -10.860882919392536, 0.0, 0.0, -16.0, 0.0, 0.0, 0.0, -0.0505913429200619, 32.76540865707994, 51.725, -62.80523925357809
0.09999999999999999, 16.874017486273864, 51.725, 3.141592653589793, -0.5440174862738635, -10.860882919392536, -0.5999999999999999, -11.999999999999998, -12.064862934344884, 0.0, 0.0, -16.0, 0.0, 0.0, 0.0, -0.055982513726136385, 32.874017486273864, 51.725, -63.01241303668451
0.10999999999999999, 16.994666115617314, 51.725, 3.141592653589793, -0.6646661156173124, -12.064862934344884, -0.7259999999999998, -13.199999999999998, -13.268815262203564, 0.0, 0.0, -16.0, 0.0, 0.0, 0.0, -0.06133388438268739, 32.99466611561731, 51.725, -63.241757310721184
0.11999999999999998, 17.127354268239348, 51.725, 3.141592653589793, -0.797354268239348, -13.268815262203564, -0.8639999999999997, -14.399999999999997, -14.472740094899391, 0.0, 0.0, -15.999999999999996, 0.0, 0.0, 0.0, -0.0666457317606517, 33.127354268239344, 51.725, -63.49303130562789
0.12999999999999998, 17.272081669188342, 51.725, 3.141592653589793, -0.9420816691883419, -14.472740094899391, -1.0139999999999996, -15.599999999999996, -15.676637623032972, 0.0, 0.0, -15.999999999999996, 0.0, 0.0, 0.0, -0.07191833081165766, 33.27208166918834, 51.725, -63.765975258010464
0.13999999999999999, 17.428848045418672, 51.725, 3.141592653589793, -1.0988480454186715, -15.676637623032972, -1.1759999999999997, -16.799999999999997, -16.880508035883928, 0.0, 0.0, -16.000000000000004, 0.0, 0.0, 0.0, -0.07715195458132817, 33.428848045418675, 51.725, -64.06031166721313
0.15, 17.597653125777512, 51.725, 3.141592653589793, -1.2676531257775108, -16.880508035883928, -1.3499999999999999, -18.0, -18.08435152142005, 0.0, 0.0, -16.0, 0.0, 0.0, 0.0, -0.0823468742224891, 33.59765312577751, 51.725, -64.37574659906169
0.16, 17.778496640991712, 51.725, 3.141592653589793, -1.4484966409917113, -18.08435152142005, -1.536, -19.200000000000003, -19.288168266306382, 0.0, 0.0, -16.0, 0.0, 0.0, 0.0, -0.08750335900828876, 33.77849664099171, 51.725, -64.71197102420858
0.17, 17.971378323654775, 51.725, 3.141592653589793, -1.641378323654775, -19.288168266306382, -1.7340000000000002, -20.400000000000006, -20.491958455914265, 0.0, 0.0, -16.0, 0.0, 0.0, 0.0, -0.09262167634522522, 33.971378323654775, 51.725, -65.06866217832626
0.18000000000000002, 18.176297908213918, 51.725, 3.141592653589793, -1.8462979082139177, -20.491958455914265, -1.9440000000000004, -21.60000000000001, -21.69572227433029, 0.0, 0.0, -16.0, 0.0, 0.0, 0.0, -0.09770209178608269, 34.17629790821392, 51.725, -65.4454849318984
0.19000000000000003, 18.393255130957222, 51.725, 3.141592653589793, -2.0632551309572205, -21.69572227433029, -2.166000000000001, -22.80000000000001, -22.89945990436521, 0.0, 0.0, -16.0, 0.0, 0.0, 0.0, -0.10274486904278035, 34.39325513095722, 51.725, -65.84209315802266
0.20000000000000004, 18.622249730000874, 51.725, 3.141592653589793, -2.2922497300008726, -22.89945990436521, -2.4000000000000012, -24.000000000000014, -24.103171527562772, 0.0, 0.0, -16.0, 0.0, 0.0, 0.0, -0.10775026999912862, 34.622249730000874, 51.725, -66.2581310874387
0.21000000000000005, 18.863281445276503, 51.725, 3.141592653589793, -2.5332814452765002, -24.103171527562772, -2.6460000000000017, -25.200000000000017, -25.30685732420852, 0.0, 0.0, -15.999999999999996, 0.0, 0.0, 0.0, -0.11271855472350145, 34.8632814452765, 51.725, -66.69323464090162
0.22000000000000006, 19.116350018518588, 51.725, 3.141592653589793, -2.7863500185185854, -25.30685732420852, -2.904000000000002, -26.40000000000002, -26.51051747333849, 0.0, 0.0, -16.0, 0.0, 0.0, 0.0, -0.1176499814814167, 35.11635001851859, 51.725, -67.14703273000573
0.23000000000000007, 19.381455193251973, 51.725, 3.141592653589793, -3.0514551932519702, -26.51051747333849, -3.174000000000003, -27.600000000000023, -27.71415215274788, 0.0, 0.0, -16.0, 0.0, 0.0, 0.0, -0.12254480674803281, 35.38145519325197, 51.725, -67.61914851859993
0.24000000000000007, 19.658596714779453, 51.725, 3.141592653589793, -3.328596714779449, -27.71415215274788, -3.456000000000004, -28.800000000000026, -28.917761538999653, 0.0, 0.0, -15.999999999999996, 0.0, 0.0, 0.0, -0.12740328522055488, 35.65859671477945, 51.725, -68.109200637998
0.25000000000000006, 19.947774330169448, 51.725, 3.141592653589793, -3.6177743301694454, -28.917761538999653, -3.7500000000000036, -30.000000000000025, -30.12134580743307, 0.0, 0.0, -16.000000000000004, 0.0, 0.0, 0.0, -0.13222566983055817, 35.94777433016945, 51.725, -68.61680435025131
0.26000000000000006, 20.248987788243777, 51.725, 3.141592653589793, -3.918987788243776, -30.12134580743307, -4.0560000000000045, -31.200000000000024, -31.32490513217218, 0.0, 0.0, -16.000000000000004, 0.0, 0.0, 0.0, -0.13701221175622846, 36.24898778824378, 51.725, -69.14157265479653
0.2700000000000001, 20.5622368395655, 51.725, 3.141592653589793, -4.2322368395654975, -31.32490513217218, -4.374000000000005, -32.40000000000003, -32.528439686134234, 0.0, 0.0, -16.0, 0.0, 0.0, 0.0, -0.14176316043450754, 36.5622368395655, 51.725, -69.68311733480155
0.2800000000000001, 20.887521236426842, 51.725, 3.141592653589793, -4.55752123642684, -32.528439686134234, -4.704000000000006, -33.60000000000003, -33.731949641038064, 0.0, 0.0, -16.0, 0.0, 0.0, 0.0, -0.1464787635731657, 36.88752123642684, 51.725, -70.24104994049023
0.2900000000000001, 21.224840732837222, 51.725, 3.141592653589793, -4.8948407328372205, -33.731949641038064, -5.0460000000000065, -34.80000000000003, -34.93543516741236, 0.0, 0.0, -16.0, 0.0, 0.0, 0.0, -0.15115926716278594, 37.22484073283722, 51.725, -70.81498270762292
0.3000000000000001, 21.574195084511345, 51.725, 3.141592653589793, -5.244195084511344, -34.93543516741236, -5.4000000000000075, -36.000000000000036, -36.13889643460392, 0.0, 0.0, -16.0, 0.0, 0.0, 0.0, -0.15580491548866338, 37.574195084511345, 51.725, -71.40452941013422
0.3100000000000001, 21.935584048857383, 51.725, 3.141592653589793, -5.605584048857383, -36.13889643460392, -5.766000000000008, -37.20000000000004, -37.342333610785914, 0.0, 0.0, -15.999999999999996, 0.0, 0.0, 0.0, -0.16041595114262464, 37.93558404885738, 51.725, -72.00930614667642
0.3200000000000001, 22.30900738496524, 51.725, 3.141592653589793, -5.979007384965243, -37.342333610785914, -6.144000000000009, -38.40000000000004, -38.54574686296589, 0.0, 0.0, -16.0, 0.0, 0.0, 0.0, -0.16499261503476603, 38.30900738496524, 51.725, -72.628932061484
0.3300000000000001, 22.6944648535949, 51.725, 3.141592653589793, -6.364464853594902, -38.54574686296589, -6.53400000000001, -39.600000000000044, -39.74913635699397, 0.0, 0.0, -16.0, 0.0, 0.0, 0.0, -0.16953514640510736, 38.6944648535949, 51.725, -73.26303000055879
0.34000000000000014, 23.091956217164842, 51.725, 3.141592653589793, -6.761956217164842, -39.74913635699397, -6.936000000000011, -40.80000000000005, -40.952502257570806, 0.0, 0.0, -16.0, 0.0, 0.0, 0.0, -0.17404378283516841, 39.09195621716484, 51.725, -73.91122710467987
0.35000000000000014, 23.50148123974055, 51.725, 3.141592653589793, -7.17148123974055, -40.952502257570806, -7.350000000000012, -42.00000000000005, -42.15584472825557, 0.0, 0.0, -16.0, 0.0, 0.0, 0.0, -0.178518760259462, 39.50148123974055, 51.725, -74.57315534116638
0.36000000000000015, 23.923039687023106, 51.725, 3.141592653589793, -7.593039687023106, -42.15584472825557, -7.776000000000013, -43.20000000000005, -43.35916393147386, 0.0, 0.0, -16.0, 0.0, 0.0, 0.0, -0.18296031297690707, 39.923039687023106, 51.725, -75.24845197667223
0.37000000000000016, 24.356631326337844, 51.725, 3.141592653589793, -8.026631326337844, -43.35916393147386, -8.214000000000015, -44.400000000000055, -44.56246002852554, 0.0, 0.0, -16.000000000000004, 0.0, 0.0, 0.0, -0.1873686736621707, 40.35663132633785, 51.725, -75.9367599935702
0.38000000000000017, 24.8022559266231, 51.725, 3.141592653589793, -8.472255926623099, -44.56246002852554, -8.664000000000016, -45.60000000000006, -45.76573317959259, 0.0, 0.0, -16.000000000000004, 0.0, 0.0, 0.0, -0.1917440733769169, 40.802255926623104, 51.725, -76.63772845269845
0.3900000000000002, 25.259913258419026, 51.725, 3.141592653589793, -8.929913258419024, -45.76573317959259, -9.126000000000017, -46.80000000000006, -46.96898354374678, 0.0, 0.0, -16.000000000000007, 0.0, 0.0, 0.0, -0.19608674158099326, 41.25991325841903, 51.725, -77.3510128053962
0.4000000000000002, 25.729603093856493, 51.725, 3.141592653589793, -9.399603093856491, -46.96898354374678, -9.60000000000002, -48.000000000000064, -48.17221127895744, 0.0, 0.0, -16.000000000000004, 0.0, 0.0, 3.552713678800501E-15, -0.2003969061435278, 41.7296030938565, 51.725, -78.07627515785802
0.4100000000000002, 26.211325206646066, 51.725, 3.141592653589793, -9.881325206646066, -48.17221127895744, -10.08600000000002, -49.20000000000007, -49.37541654209905, 0.0, 0.0, -16.0, 0.0, 0.0, 0.0, -0.2046747933539539, 42.211325206646066, 51.725, -78.81318449088995
0.4200000000000002, 26.705079372067058, 51.725, 3.141592653589793, -10.375079372067056, -49.37541654209905, -10.584000000000021, -50.40000000000007, -50.578599488958865, 0.0, 0.0, -16.000000000000004, 0.0, 0.0, 0.0, -0.20892062793296517, 42.70507937206706, 51.725, -79.56141683816406
0.4300000000000002, 27.210865366956646, 51.725, 3.141592653589793, -10.880865366956645, -50.578599488958865, -11.094000000000023, -51.60000000000007, -51.78176027424439, 0.0, 0.0, -16.0, 0.0, 0.0, 0.0, -0.21313463304337787, 43.21086536695665, 51.725, -80.0
0.4400000000000002, 27.72868296969909, 51.725, 3.141592653589793, -11.398682969699088, -51.78176027424439, -11.616000000000025, -52.800000000000075, -52.98489905159095, 0.0, 0.0, -16.000000000000004, 0.0, 0.0, 3.552713678800501E-15, -0.2173170303009364, 43.72868296969909, 51.725, -80.0
0.45000000000000023, 28.258531960215, 51.725, 3.141592653589793, -11.928531960214997, -52.98489905159095, -12.150000000000025, -54.00000000000008, -54.18801597356902, 0.0, 0.0, -15.999999999999996, 0.0, 0.0, 3.552713678800501E-15, -0.22146803978502838, 44.258531960214995, 51.725, -80.0
0.46000000000000024, 28.80041211995069, 51.725, 3.141592653589793, -12.470412119950687, -54.18801597356902, -12.696000000000026, -55.20000000000008, -55.391111191691714, 0.0, 0.0, -15.999999999999996, 0.0, 0.0, 3.552713678800501E-15, -0.22558788004933916, 44.800412119950686, 51.725, -80.0
0.47000000000000025, 29.354323231867607, 51.725, 3.141592653589793, -13.024323231867605, -55.391111191691714, -13.254000000000028, -56.400000000000084, -56.59418485642201, 0.0, 0.0, -16.000000000000004, 0.0, 0.0, 0.0, -0.229676768132423, 45.35432323186761, 51.725, -80.0
0.48000000000000026, 29.920265080431825, 51.725, 3.141592653589793, -13.590265080431825, -56.59418485642201, -13.82400000000003, -57.60000000000009, -57.79723711718012, 0.0, 0.0, -16.0, 0.0, 0.0, 0.0, -0.2337349195682048, 45.920265080431825, 51.725, -80.0
0.49000000000000027, 30.498237451603625, 51.725, 3.141592653589793, -14.168237451603627, -57.79723711718012, -14.40600000000003, -58.80000000000009, -59.00026812235063, 0.0, 0.0, -16.000000000000004, 0.0, 0.0, 0.0, -0.23776254839640387, 46.49823745160363, 51.725, -80.0
0.5000000000000002, 31.08824013282713, 51.725, 3.141592653589793, -14.758240132827133, -59.00026812235063, -15.000000000000028, -60.000000000000085, -60.20327801928973, 0.0, 0.0, -16.000000000000007, 0.0, 0.0, 0.0, -0.24175986717289533, 47.08824013282714, 51.725, -80.0
0.5100000000000002, 31.690272913020028, 51.725, 3.141592653589793, -15.36027291302003, -60.20327801928973, -15.60600000000003, -61.20000000000009, -61.40626695433238, 0.0, 0.0, -15.999999999999996, 0.0, 0.0, 3.552713678800501E-15, -0.24572708698000056, 47.690272913020024, 51.725, -80.0
0.5200000000000002, 32.304335582563354, 51.725, 3.141592653589793, -15.974335582563354, -61.40626695433238, -16.224000000000032, -62.40000000000009, -62.609235072799265, 0.0, 0.0, -16.0, 0.0, 0.0, 0.0, -0.24966441743667822, 48.304335582563354, 51.725, -80.0
0.5300000000000002, 32.93042793329135, 51.725, 3.141592653589793, -16.600427933291346, -62.609235072799265, -16.854000000000035, -63.600000000000094, -63.812182519003954, 0.0, 0.0, -16.0, 0.0, 0.0, 0.0, -0.2535720667086885, 48.93042793329135, 51.725, -80.0
0.5400000000000003, 33.56854975848139, 51.725, 3.141592653589793, -17.238549758481387, -63.812182519003954, -17.496000000000038, -64.8000000000001, -65.01510943625979, 0.0, 0.0, -16.0, 0.0, 0.0, 0.0, -0.2574502415186508, 49.56854975848139, 51.725, -80.0
0.5500000000000003, 34.21870085284399, 51.725, 3.141592653589793, -17.888700852843986, -65.01510943625979, -18.15000000000004, -66.0000000000001, -66.21801596688687, 0.0, 0.0, -16.0, 0.0, 0.0, 7.105427357601002E-15, -0.2612991471560555, 50.21870085284399, 51.725, -80.0
0.5600000000000003, 34.88088101251286, 51.725, 3.141592653589793, -18.550881012512853, -66.21801596688687, -18.81600000000004, -67.2000000000001, -67.42090225221892, 0.0, 0.0, -16.0, 0.0, 0.0, 0.0, -0.2651189874871882, 50.88088101251286, 51.725, -80.0
0.5700000000000003, 35.55509003503505, 51.725, 3.141592653589793, -19.22509003503504, -67.42090225221892, -19.494000000000042, -68.4000000000001, -68.62376843261015, 0.0, 0.0, -16.0, 0.0, 0.0, 0.0, -0.2689099649650011, 51.55509003503505, 51.725, -80.0
0.5800000000000003, 36.24132771936115, 51.725, 3.141592653589793, -19.911327719361143, -68.62376843261015, -20.184000000000044, -69.60000000000011, -69.82661464744194, 0.0, 0.0, -16.0, 0.0, 0.0, 0.0, -0.2726722806389006, 52.24132771936115, 51.725, -80.0
0.5900000000000003, 36.93959386583557, 51.725, 3.141592653589793, -20.609593865835564, -69.82661464744194, -20.886000000000045, -70.80000000000011, -71.02944103512974, 0.0, 0.0, -16.0, 0.0, 0.0, 0.0, -0.2764061341644819, 52.93959386583557, 51.725, -80.0
0.6000000000000003, 37.649888276186864, 51.725, 3.141592653589793, -21.319888276186862, -71.02944103512974, -21.600000000000048, -72.00000000000011, -72.23224773312965, 0.0, 0.0, -16.0, 0.0, 0.0, 0.0, -0.28011172381318516, 53.649888276186864, 51.725, -80.0
0.6100000000000003, 38.37221075351816, 51.725, 3.141592653589793, -22.04221075351816, -72.23224773312965, -22.32600000000005, -73.20000000000012, -73.43503487794513, 0.0, 0.0, -16.0, 0.0, 0.0, 0.0, -0.2837892464818914, 54.37221075351816, 51.725, -80.0
0.6200000000000003, 39.10656110229761, 51.725, 3.141592653589793, -22.77656110229761, -73.43503487794513, -23.064000000000053, -74.40000000000012, -74.63780260513356, 0.0, 0.0, -16.0, 0.0, 0.0, 0.0, -0.2874388977024438, 55.10656110229761, 51.725, -80.0
0.6300000000000003, 39.85293912834895, 51.725, 3.141592653589793, -23.522939128348945, -74.63780260513356, -23.814000000000057, -75.60000000000012, -75.84055104931278, 0.0, 0.0, -16.0, 0.0, 0.0, 0.0, -0.29106087165111205, 55.85293912834895, 51.725, -80.0
0.6400000000000003, 40.61134463884208, 51.725, 3.141592653589793, -24.28134463884207, -75.84055104931278, -24.576000000000057, -76.80000000000013, -77.04328034416771, 0.0, 0.0, -16.0, 0.0, 0.0, 0.0, -0.29465536115798585, 56.61134463884208, 51.725, -80.0
0.6500000000000004, 41.381777442283756, 51.725, 3.141592653589793, -25.05177744228375, -77.04328034416771, -25.35000000000006, -78.00000000000013, -78.24599062245667, 0.0, 0.0, -16.0, 0.0, 0.0, 0.0, -0.2982225577163078, 57.381777442283756, 51.725, -80.0
0.6600000000000004, 42.16423734850832, 51.725, 3.141592653589793, -25.834237348508317, -78.24599062245667, -26.13600000000006, -79.20000000000013, -79.44868201601791, 0.0, 0.0, -16.0, 0.0, 0.0, 0.0, -0.3017626514917424, 58.16423734850832, 51.725, -80.0
0.6700000000000004, 42.9587241686685, 51.725, 3.141592653589793, -26.628724168668498, -79.44868201601791, -26.933333333333394, -80.0, -80.24285445577583, 0.0, 0.0, -16.0, 0.0, 0.0, 7.105427357601002E-15, -0.30460916466489607, 58.9587241686685, 51.725, -80.0
0.6800000000000004, 43.76115271322626, 51.725, 3.141592653589793, -27.431152713226258, -80.24285445577583, -27.733333333333395, -80.0, -80.22524025274838, 0.0, 0.0, -16.0, 0.0, 0.0, 7.105427357601002E-15, -0.3021806201071371, 59.76115271322626, 51.725, -80.0
0.6900000000000004, 44.563405115753746, 51.725, 3.141592653589793, -28.23340511575374, -80.22524025274838, -28.533333333333395, -80.0, -80.22399321337859, 0.0, 0.0, -16.0, 0.0, 0.0, 0.0, -0.29992821757965515, 60.563405115753746, 51.725, -80.0
0.7000000000000004, 45.36564504788753, 51.725, 3.141592653589793, -29.035645047887527, -80.22399321337859, -29.333333333333396, -80.0, -80.22242751155127, 0.0, 0.0, -16.0, 0.0, 0.0, 0.0, -0.29768828544586867, 61.36564504788753, 51.725, -80.0
0.7100000000000004, 46.167869323003046, 51.725, 3.141592653589793, -29.83786932300304, -80.22242751155127, -30.133333333333397, -80.0, -80.22087925845429, 0.0, 0.0, -16.0, 0.0, 0.0, 0.0, -0.2954640103303561, 62.167869323003046, 51.725, -80.0
0.7200000000000004, 46.97007811558759, 51.725, 3.141592653589793, -30.640078115587585, -80.22087925845429, -30.933333333333398, -80.0, -80.21934160564315, 0.0, 0.0, -16.0, 0.0, 0.0, 7.105427357601002E-15, -0.29325521774581276, 62.97007811558759, 51.725, -80.0
0.7300000000000004, 47.77227153164402, 51.725, 3.141592653589793, -31.442271531644018, -80.21934160564315, -31.7333333333334, -80.0, -80.21781461519755, 0.0, 0.0, -16.0, 0.0, 0.0, 0.0, -0.2910618016893807, 63.77227153164402, 51.725, -80.0
0.7400000000000004, 48.574449677796, 51.725, 3.141592653589793, -32.24444967779599, -80.21781461519755, -32.5333333333334, -80.0, -80.21629821048916, 0.0, 5.502908195290166E-4, -15.999998103119996, 0.0, 1.0976138596579255E-4, 0.0, -0.28888365553741124, 64.57444777532316, 51.72587809098565, -80.0
0.7500000000000004, 49.37661265989684, 51.72500220711466, -3.141587150681598, -33.04661265990088, -80.21629821048916, -33.3333333333334, -80.0, -80.21479231820666, 0.0, 0.00861112171261521, -15.99989121506649, 0.0, 0.0017176010391573202, 2.2071146617008708E-6, -0.2867206734325194, 65.37649593241996, 51.73883096451482, -80.0
0.7600000000000005, 50.17876058188537, 51.72504115822755, -3.141501039464472, -33.84876058308295, -80.21479231820666, -34.1333333333334, -80.0, -80.21329686549085, 0.0, 0.025539447393083916, -15.999478903238941, 0.0, 0.005094141068048051, 4.1158227546134185E-5, -0.28457275025044737, 66.1781664861711, 51.76725864312783, -80.0
0.7700000000000005, 50.98089352906999, 51.72521707509981, -3.141245644990541, -34.65089355173786, -80.21329686549085, -34.933333333333394, -80.0, -80.21181177998845, 0.0, 0.05038535417314412, -15.9986655859938, 0.0, 0.010049622542612838, 2.1707509981183648E-4, -0.28243978159553507, 66.97926096000893, 51.811158249815776, -80.0
0.7800000000000005, 51.783011494515854, 51.725697491977726, -3.14074179144881, -35.453011669537744, -80.21181177998845, -35.73333333333339, -80.0, -80.21033698984772, 0.0, 0.08225974329738438, -15.997471099186045, 0.0, 0.01640621290735794, 6.974919777249511E-4, -0.2803216637956467, 67.77964750083127, 51.87053448966027, -80.0
0.7900000000000005, 52.58511420290418, 51.72670987515753, -3.1399191940158357, -36.25511503943622, -80.21033698984772, -36.53333333333339, -80.0, -80.20887242371485, 0.0, 0.12033486768939215, -15.99601723411266, 0.0, 0.023998325363006435, 0.001709875157530405, -0.2782182938971687, 68.57925249558609, 51.9454053141903, -80.0
0.8000000000000005, 53.38720080284847, 51.72853473273037, -3.138715845338942, -37.05720376367337, -80.20887242371485, -37.333333333333385, -80.0, -80.20741801073054, 0.0, 0.16384286380068155, -15.994514795521916, 0.0, 0.0326726277219158, 0.0035347327303654197, -0.27612956966001434, 69.37805226680973, 52.03580672472005, -80.0
0.8100000000000005, 54.189269414848624, 51.73149920992175, -3.137077416700935, -37.859277943780675, -80.20741801073054, -38.13333333333338, -80.0, -80.20597368052663, 0.0, 0.2120729157598021, -15.993251340664665, 0.0, 0.042287815840300766, 0.006499209921749127, -0.27405538955270714, 70.17606488113888, 52.1417967592779, -80.0
0.8200000000000005, 54.99131653443759, 51.7359711513592, -3.1349566875433372, -38.661337680585945, -80.20597368052663, -38.93333333333338, -80.0, -80.20453936322257, 0.0, 0.2643675637069399, -15.992579673726405, 0.0, 0.05271421492224007, 0.010971151359200348, -0.2719956527474352, 70.97334209870448, 52.26345870710322, -80.0
0.8300000000000005, 55.79333629922735, 51.74235360207021, -3.1323130119062674, -39.46338307421817, -80.20453936322257, -39.73333333333338, -80.0, -80.20311498942222, 0.0, 0.3201185582883053, -15.992907123023063, 0.0, 0.06383326098663532, 0.01735360207020875, -0.2699502591152054, 71.76996148684684, 52.4009035928636, -80.0
0.8400000000000005, 56.59531963513247, 51.75107971314348, -3.129111826323385, -40.26541422411239, -80.20311498942222, -40.533333333333374, -80.0, -80.20170049021031, 0.0, 0.3787625701478523, -15.994685594956634, 0.0, 0.0755369049237564, 0.026079713143481342, -0.2679191092209834, 72.56601871863776, 52.5542719701727, -80.0
0.8500000000000005, 57.397253301603136, 51.76260801503984, -3.125324200621906, -41.067431229014495, -80.20170049021031, -41.33333333333337, -80.0, -80.20029579714927, 0.0, 0.43977698622374745, -15.998402376078774, 0.0, 0.08772697296706043, 0.03760801503983657, -0.26590210431887584, 73.36162007514687, 52.72373506104568, -80.0
0.8600000000000005, 58.19911885870365, 51.77741802088482, -3.1209264307596687, -41.86943418698599, -80.20029579714927, -42.13333333333337, -80.0, -80.19890084227578, 0.0, 0.5026759619659531, -16.00457164106868, 0.0, 0.10031451006229172, 0.052418020884815064, -0.2638991463473772, 74.15687517010082, 52.909495274945094, -80.0
0.8700000000000006, 59.00089158069634, 51.796006123199234, -3.115899671140009, -42.67142319540875, -80.19890084227578, -42.933333333333366, -80.0, -80.19751555809755, 0.0, 0.5670068479899337, -16.01372661776741, 0.0, 0.11321912643958462, 0.07100612319923272, -0.26191013792461604, 74.95188991639317, 53.111786138320674, -80.0
0.8800000000000006, 59.802539341712865, 51.818881750000564, -3.1102296026601097, -43.473398350989726, -80.19751555809755, -43.73333333333336, -80.0, -80.19613987759007, 0.0, 0.6323470688595816, -16.02641235898035, 0.0, 0.12636836255466835, 0.09388175000056265, -0.259934982343637, 75.74675975561163, 53.33087166326285, -80.0
0.8900000000000006, 60.60402149931279, 51.84656374968832, -3.103906131971514, -44.27535974976563, -80.19613987759007, -44.53333333333336, -80.0, -80.19477373419336, 0.0, 0.6983014985228345, -16.043179073207884, 0.0, 0.13969708331647218, 0.1215637496883204, -0.2579735835677326, 76.54156317413234, 53.56704518225232, -80.0
0.9000000000000006, 61.40528780137599, 51.87957697831774, -3.0969231169862854, -45.07730748710756, -80.19477373419336, -45.33333333333336, -80.0, -80.19341706180872, 0.0, 0.764500349607989, -16.064575971519627, 0.0, 0.1531469090170461, 0.15457697831774198, -0.25602584622579627, 77.33635553213726, 53.820627675127646, -80.0
0.9100000000000006, 62.20627734093141, 51.918449067517976, -3.089278113490206, -45.87924165772565, -80.19341706180872, -46.133333333333354, -80.0, -80.19206979479551, 0.0, 0.8305975709229075, -16.091145594471058, 0.0, 0.16666568749671945, 0.19344906751797453, -0.25409167560770385, 78.13116323486544, 54.091965614389856, -80.0
0.9200000000000006, 63.0069175822361, 51.963707356204175, -3.0809721377809764, -46.68116235567361, -80.19206979479551, -46.93333333333335, -80.0, -80.19073186796811, 0.0, 0.8962697280816037, -16.123418590470806, 0.0, 0.1802070097030691, 0.2387073562041735, -0.2521709776597447, 78.92597827822858, 54.381428355843354, -80.0
0.9300000000000006, 63.80712347970666, 52.01587597416842, -3.0720094405001603, -47.48306967435329, -80.19073186796811, -47.73333333333335, -80.0, -80.1894032165926, 0.0, 0.9612153256035274, -16.161908924633245, 0.0, 0.19372976884994975, 0.29087597416841504, -0.2502636589800602, 79.72075320331648, 54.68940510330899, -80.0
0.9400000000000006, 64.6067967091839, 52.07547307042952, -3.062397287244125, -48.284963706519214, -80.1894032165926, -48.533333333333346, -80.0, -80.1880837763837, 0.0, 1.0117008177288467, -16.019815557243255, 0.0, 0.20211557298618876, 0.4629911996499676, -0.24836962681413155, 80.34025259474464, 54.942597674465496, -80.0
0.9500000000000006, 65.4058296609038, 52.14295444183504, -3.052280279066837, -49.08684454428305, -80.1880837763837, -49.33333333333334, -80.0, -80.1867734835017, 0.0, 1.0889210327674415, -16.25576457886371, 0.0, 0.22075017094038168, 0.403213192449179, -0.24648878905028937, 81.30623897396856, 55.360953587762054, -80.0
0.9600000000000006, 66.20409620543872, 52.21882297624007, -3.0413910687391623, -49.88871227911807, -80.1867734835017, -50.13333333333334, -80.0, -80.18547227454935, 0.0, 1.14882722041018, -16.297327746605717, 0.0, 0.23349383877345217, 0.44991036680476304, -0.2446210542152727, 82.08326633733992, 55.71887009698393, -80.0
0.9700000000000006, 67.00145054369598, 52.303616749903085, -3.0299027965350604, -50.69056700186356, -80.18547227454935, -50.93333333333334, -80.0, -80.18418008656873, 0.0, 1.206381851040619, -16.333671175032087, 0.0, 0.24574229536487638, 0.4899746221171441, -0.2427663314697739, 82.84790455127758, 56.090278939914846, -80.0
0.9800000000000006, 67.79773780156982, 52.397792537212496, -3.0178389780246544, -51.49240880272925, -80.18418008656873, -51.733333333333334, -80.0, -80.18289685703824, 0.0, 1.261564791134667, -16.365098477829505, 0.0, 0.25748174301922866, 0.52385268160355, -0.24092453060408303, 83.60019899705867, 56.474840335717126, -80.0
0.9900000000000007, 68.59278918568542, 52.50178515425672, -3.005223330113308, -52.294237771299635, -80.18289685703824, -52.53333333333333, -80.0, -80.18162252386968, 0.0, 1.3143719680178592, -16.391909478461894, 0.0, 0.2687032968728302, 0.5519768220229271, -0.23909556203369675, 84.34020372467292, 56.872235749791756, -80.0
1.0000000000000007, 69.38642220856892, 52.61600699318823, -2.9920796104331293, -53.09605399653833, -80.18162252386968, -53.33333333333333, -80.0, -80.18035702540506, 0.0, 1.3648124038004497, -16.414398911540207, 0.0, 0.2794022883722062, 0.5747642330979023, -0.23727933679499813, 85.06797864768131, 57.28216698123842, -80.0
1.0100000000000007, 70.1784410159126, 52.74084767099375, -2.9784314863951247, -53.89785756679238, -80.18035702540506, -54.133333333333326, -80.0, -80.17910030041378, 0.0, 1.4129057766397803, -16.432855335549526, 0.0, 0.289577659805244, 0.5926165519178778, -0.2354757665409437, 85.78358702045159, 57.7043551150934, -80.0
1.0200000000000007, 70.96863680634075, 52.87667377557646, -2.9643024286287267, -54.69964856979652, -80.17910030041378, -54.93333333333332, -80.0, -80.17785228808955, 0.0, 1.4586804185278492, -16.44756022584822, 0.0, 0.2992314379761239, 0.605919545715709, -0.23368476353680023, 86.48709318645533, 58.1385393680393, -80.0
1.0300000000000007, 71.75678833415185, 53.023828695772366, -2.9497156244434484, -55.50142709267742, -80.17785228808955, -55.73333333333332, -80.0, -80.17661292804758, 0.0, 1.5021716741133102, -16.458787222308988, 0.0, 0.30836827664194916, 0.6150429202939924, -0.2319062406559027, 87.1785605851722, 58.584475853193396, -80.0
1.0400000000000007, 72.54266248567902, 53.18263252490054, -2.9346939077023153, -56.30319322195789, -80.17661292804758, -56.53333333333332, -80.0, -80.17538216032145, 0.0, 1.543420557756538, -16.46680151042492, 0.0, 0.3169950586685714, 0.6203402347322878, -0.23014011137542667, 87.85805000437519, 59.041936286698856, -80.0
1.0500000000000007, 73.3260149201426, 53.35338202980962, -2.9192597021247497, -57.104947043561104, -80.17538216032145, -57.333333333333314, -80.0, -80.1741599253605, 0.0, 1.5824726565318235, -16.471859318331994, 0.0, 0.32512055003465123, 0.6221489059001778, -0.2283862897722102, 88.52561806410448, 59.510706656176204, -80.0
1.0600000000000007, 74.10659076614319, 53.53635067923661, -2.9034349755594318, -57.90668864281471, -80.1741599253605, -58.13333333333331, -80.0, -80.17294616402667, 0.0, 1.6193772356079914, -16.47420751514134, 0.0, 0.332755098834977, 0.6207902887887871, -0.22664469051860436, 89.18131591841512, 59.99058586864267, -80.0
1.0700000000000007, 74.88412536524605, 53.73178872672446, -2.887241203203352, -58.70841810445497, -80.17294616402667, -58.93333333333331, -80.0, -80.17174081759181, 0.0, 1.6541865096747628, -16.474083298357918, 0.0, 0.3399103733247408, 0.6165698208061273, -0.22491522887833781, 89.82518816095516, 60.48138439327018, -80.0
1.0800000000000007, 75.65834505442854, 53.939923344427, -2.870699338106604, -59.51013551263089, -80.17174081759181, -59.733333333333306, -80.0, -80.17054382773478, 0.0, 1.6869550500975796, -16.471713960088977, 0.0, 0.34659913382204166, 0.6097772200055953, -0.223197820702417, 90.45727192055654, 60.98292291232259, -80.0
1.0900000000000007, 76.42896797949497, 54.160958804923965, -2.8538297876056284, -60.311840950908234, -80.17054382773478, -60.5333333333333, -80.0, -80.16935513653863, 0.0, 1.717739302496452, -16.46731672329309, 0.0, 0.3528350339613188, 0.6006867287695438, -0.22149238242506897, 91.0775961332613, 61.49503099177502, -80.0
1.1000000000000008, 77.19570493190619, 54.39507670872753, -2.8366523945806636, -61.11353450227362, -80.16935513653863, -61.3333333333333, -80.0, -80.16817468648783, 0.0, 1.7465971936317197, -16.461098640571063, 0.0, 0.3586324473789253, 0.5895573957881034, -0.219798831059677, 91.68618097753634, 62.01754578146348, -80.0
1.1100000000000008, 77.95826020182184, 54.64243625552905, -2.8191864226443464, -61.9152162491385, -80.16817468648783, -62.1333333333333, -80.0, -80.16700242046545, 0.0, 1.7735878099892552, -16.453256549000304, 0.0, 0.3640063164253135, 0.5766333902867907, -0.21811708419479459, 92.28303745982205, 62.55031075312428, -80.0
1.1200000000000008, 78.71633244051336, 54.90317455744729, -2.801450544544454, -62.71688627334316, -80.16700242046545, -62.933333333333294, -80.0, -80.1658382817504, 0.0, 1.798771133408246, -16.443977075321392, 0.0, 0.3689720199464148, 0.5621443433927837, -0.2164470599901378, 92.86816713800012, 63.093174483347795, -80.0
1.1300000000000008, 79.46961552567463, 55.17740699262967, -2.7834628332103715, -63.518544656160664, -80.1658382817504, -63.73333333333329, -80.0, -80.1646822140147, 0.0, 1.8222078215841726, -16.433436686430724, 0.0, 0.3735452575683912, 0.5463057123123115, -0.21478867717262773, 93.44156197083217, 63.64598948727453, -80.0
1.1400000000000008, 80.2177994235375, 55.46522759755287, -2.76524075499453, -64.32019147830081, -80.1646822140147, -64.53333333333329, -80.0, -80.16353416132083, 0.0, 1.8439590233879795, -16.421801780654906, 0.0, 0.37774194826278196, 0.5293191636425393, -0.2131418550324753, 94.00320428190855, 64.20861110778964, -80.0
1.1500000000000008, 80.96057104209038, 55.76670949629205, -2.74680116476065, -65.12182681991402, -80.16353416132083, -65.33333333333329, -80.0, -80.16239406811883, 0.0, 1.8640862207337145, -16.40922881570582, 0.0, 0.38157814126947326, 0.5113729726781215, -0.21150651341926618, 94.55306682714112, 64.78089646401298, -80.0
1.1600000000000008, 81.69761507010172, 56.08190536489903, -2.728160302553313, -65.9234507605952, -80.16239406811883, -66.13333333333328, -80.0, -80.1612618792438, 0.0, 1.8826510902538194, -16.395864469555825, 0.0, 0.3850699377183298, 0.49264243601269, -0.2098825727380813, 95.09111295533222, 65.3627034620223, -80.0
1.1700000000000008, 82.42861479706593, 56.410847928866126, -2.7093337916507747, -66.72506337938763, -80.1612618792438, -66.93333333333328, -80.0, -80.16013753991315, 0.0, 1.8997153793450914, -16.38184583075817, 0.0, 0.3882334215214631, 0.47329029509320436, -0.20826995394564563, 95.61729685184844, 65.95388986997696, -80.0
1.1800000000000008, 83.15325290961616, 56.75355049146943, -2.6903366378573237, -67.52666475478676, -80.16013753991315, -67.73333333333328, -80.0, -80.15902099572398, 0.0, 1.9153407922650156, -16.36730061497269, 0.0, 0.3910845983110717, 0.45346716867306314, -0.20666857854651255, 96.13156385591947, 66.55431245912048, -80.0
1.1900000000000008, 83.87121226038644, 57.110007490594704, -2.6711832299346736, -68.328254964744, -80.15902099572398, -68.53333333333327, -80.0, -80.15791219265041, 0.0, 1.9295888829136203, -16.352347404658218, 0.0, 0.39363934137574724, 0.4333119923396327, -0.20507836858926964, 96.63385084256674, 67.16382621152006, -80.0
1.2000000000000008, 84.58217660575194, 57.480195081462654, -2.6518873411055375, -69.12983408667051, -80.15791219265041, -69.33333333333327, -80.0, -80.15681107704098, 0.0, 1.9425209517527282, -16.337095909067454, 0.0, 0.39591334370395254, 0.41295246347403886, -0.20349924666275854, 97.12408666064425, 67.78228359484773, -80.0
1.2100000000000009, 85.28583130932874, 57.86407174249642, -2.63246213158801, -69.93140219744092, -80.15681107704098, -70.13333333333327, -80.0, -80.15571759561614, 0.0, 1.9541979450117302, -16.321647241836136, 0.0, 0.39792207537977287, 0.39250549014323444, -0.20193113589235168, 97.60219261894281, 68.40953390400924, -80.0
1.2200000000000009, 85.98186400857094, 58.26157890141963, -2.612920152137893, -70.73295937339708, -80.15571759561614, -70.93333333333327, -80.0, -80.1546316954655, 0.0, 1.9646803549197953, -16.306094213600833, 0.0, 0.39968074569476514, 0.37207764253629483, -0.20037395993618645, 98.0680830127705, 69.04542266898291, -80.0
1.2300000000000009, 86.669965242259, 58.672641578545175, -2.5932733485886947, -71.53450569035174, -80.1546316954655, -71.73333333333326, -80.0, -80.15355332404542, 0.0, 1.9740281202025534, -16.290521637211075, 0.0, 0.401204269442858, 0.35176560564246845, -0.19882764298152722, 98.52166568387513, 69.6897911278322, -80.0
1.2400000000000009, 87.34982903712628, 59.097169044116114, -2.5735330673866694, -72.33604122359219, -80.15355332404542, -72.53333333333326, -80.0, -80.15248242917639, 0.0, 1.9823005264949627, -16.275006643230345, 0.0, 0.4025072369541585, 0.3316566319375918, -0.19729210974107048, 98.96284260702083, 70.34247576350343, -80.0
1.2500000000000009, 88.02115345231616, 59.53505548649478, -2.55371006212172, -73.13756604788395, -80.15248242917639, -73.33333333333326, -80.0, -80.15141895904058, 0.0, 1.9895561066624285, -16.259619003542415, 0.0, 0.40360388749990395, 0.3118289928983038, -0.19576728544930688, 99.39151049696952, 71.00330790270644, -80.0
1.260000000000001, 88.68364108079632, 59.98618068796539, -2.5338145010550956, -73.93908023747436, -80.15141895904058, -74.13333333333325, -80.0, -80.15036286217925, 0.0, 1.9958525412942842, -16.244421461000744, 0.0, 0.40450808576554237, 0.29235242820913654, -0.1942530958588975, 99.80756143004939, 71.67211337490224, -80.0
1.270000000000001, 89.33699950727625, 60.45041070492083, -2.513855975642153, -74.74058386609615, -80.15036286217925, -74.93333333333325, -80.0, -80.1493140874903, 0.0, 2.0012465598457494, -16.22947006317983, 0.0, 0.4052333011434661, 0.27328859156607843, -0.19274946723710684, 100.21088347491803, 72.34871222918277, -80.0
1.280000000000001, 89.98094172257402, 60.92759854924457, -2.4938435100436953, -75.54207700697104, -80.1493140874903, -75.73333333333325, -80.0, -80.14827258422582, 0.0, 2.00310167269219, -16.215401069916183, 0.0, 0.40526259592669645, 0.25469149201600794, -0.19125632636220757, 100.60514394407097, 73.03075888163816, -80.0
1.290000000000001, 90.61519311885442, 61.417576352288556, -2.4738124933167733, -76.3435597328133, -80.14827258422582, -76.53333333333325, -80.0, -80.14723830198957, 0.0, 1.9954390478021102, -16.203339967863688, 0.0, 0.4034172350999793, 0.23659714580014987, -0.18977360051994197, 100.99911714232644, 73.71314047783704, -80.0
1.300000000000001, 91.23951445618088, 61.9201293687954, -2.453858102838752, -77.1450321158332, -80.14723830198957, -77.33333333333324, -80.0, -80.14621119073462, 0.0, 1.9789071029148322, -16.192880745149385, 0.0, 0.39982185367401923, 0.21898906380477892, -0.18830121750004025, 101.39315973955195, 74.395642276578, -80.0
1.310000000000001, 91.85371888563267, 62.43498223496311, -2.434069031809604, -77.94649422774054, -80.14621119073462, -78.13333333333324, -80.0, -80.14519120076089, 0.0, 1.954410754308793, -16.183544150780786, 0.0, 0.3946499129546882, 0.2017769320959989, -0.18683910559269634, 101.7872299978729, 75.0781919857417, -80.0
1.320000000000001, 92.45767234845975, 62.96180757262283, -2.414524924266516, -78.74794613974815, -80.14519120076089, -78.93333333333324, -80.0, -80.14417828271273, 0.0, 1.9228236323435846, -16.174837455829884, 0.0, 0.38806760984776995, 0.18480289794824334, -0.18538719358508615, 102.18125053544914, 75.76065557604934, -80.0
1.330000000000001, 93.05129263831515, 63.50023499871418, -2.3952966879430804, -79.54938792257528, -80.14417828271273, -79.73333333333323, -80.0, -80.14317238757657, 0.0, 1.884984361329631, -16.16625608168666, 0.0, 0.3802337614969832, 0.16784878118524574, -0.183945410757957, 102.5751113963168, 76.44284259818495, -80.0
1.340000000000001, 93.63454784979679, 64.04985955095957, -2.376446844329784, -80.35081964645104, -80.14317238757657, -80.53333333333323, -80.0, -80.14217346667854, 0.0, 1.8416932281726155, -16.157284913479916, 0.0, 0.37129966562715916, 0.15064304326765363, -0.1825136868821886, 102.96867299278884, 77.12451127918243, -80.0
1.350000000000001, 94.20745427951957, 64.61024947382445, -2.3580299120480577, -81.15224138111783, -80.14217346667854, -81.33333333333323, -80.0, -80.14118147168206, 0.0, 1.7937093395569774, -16.1473992900684, 0.0, 0.36140895834416603, 0.13286748674954751, -0.18109195221539665, 103.3617688978736, 77.80537335903652, -80.0
1.360000000000001, 94.77007385749641, 65.18095332643182, -2.340092818652488, -81.95365319583465, -80.14118147168206, -82.13333333333323, -80.0, -80.14019635458563, 0.0, 1.7417483321448826, -16.136065692285747, 0.0, 0.3506974874701663, 0.11416366163544502, -0.17968013749857903, 103.75420847432693, 78.48509864435451, -80.0
1.370000000000001, 95.32251119315902, 65.76150639126057, -2.322675335331039, -82.7550551593805, -80.14019635458563, -82.93333333333322, -80.0, -80.13921806772035, 0.0, 1.6864806679726803, -16.122742172791572, 0.0, 0.3392932155407828, 0.09413895967423225, -0.1782781739527195, 104.1457793348697, 79.16331926957804, -80.0
1.380000000000001, 95.8649103225577, 66.35143637848228, -2.305810528651312, -83.5564473400577, -80.13921806772035, -83.73333333333322, -80.0, -80.13824656374773, 0.0, 1.6285305194759367, -16.106878584762285, 0.0, 0.32731616267537256, 0.0723723824025498, -0.17688599327551913, 104.53624963474357, 79.83963366780624, -80.0
1.390000000000001, 96.39745124187759, 66.95026843514161, -2.289525223456553, -84.35782980569518, -80.13824656374773, -84.53333333333322, -80.0, -80.13728179565737, 0.0, 1.5684752260933674, -16.087916673837892, 0.0, 0.3148783958846049, 0.048419973508305125, -0.17550352763804256, 104.9253702031384, 80.51361026253616, -80.0
1.400000000000001, 96.92034630814908, 67.5575294807032, -2.2738404711956193, -85.15920262365175, -80.13728179565737, -85.33333333333321, -80.0, -80.13632371676465, 0.0, 1.5068452872817395, -16.065290099438972, 0.0, 0.3020840681525957, 0.02181991058774062, -0.1741307096814637, 105.31287652413592, 81.18479089875795, -80.0
1.410000000000001, 97.43383658164258, 68.17275190058274, -2.258772018322802, -85.9605658608194, -80.13632371676465, -86.13333333333321, -80.0, -80.13537228070852, 0.0, 1.4428929343653596, -16.054297158648463, 0.0, 0.28906875050472935, 0.007902744563064541, -0.17276747251381153, 105.70639332530423, 81.86638199201346, -80.0
1.420000000000001, 97.93819201976267, 68.79547353974635, -2.2443430889791482, -86.76191958362648, -80.13537228070852, -86.93333333333321, -80.0, -80.13442744144925, 0.0, 1.374390782247011, -16.089517151923545, 0.0, 0.27595235619005476, 0.04123656453229828, -0.17141374970672985, 106.12315655657545, 82.58823708330179, -80.0
1.430000000000001, 98.43372034807676, 69.42523080548713, -2.2305991811566783, -87.56326385804097, -80.13442744144925, -87.7333333333332, -80.0, -80.13348915326615, 0.0, 1.3054823089102316, -16.1275319478986, 0.0, 0.2627391851626124, 0.0786952609752328, -0.17006947529223737, 106.54154656934259, 83.31290984279386, -80.0
1.440000000000001, 98.92076076945662, 70.0615641430607, -2.2175443580675758, -88.36459874957363, -80.13348915326615, -88.5333333333332, -80.0, -80.13255737075544, 0.0, 1.2365643149752161, -16.16875633249479, 0.0, 0.24950791231816294, 0.12080953863675438, -0.16873458375957284, 106.96176294103694, 84.04074594874072, -80.0
1.450000000000001, 99.39966890421651, 70.70402931050451, -2.2051787149178237, -89.16592432328119, -80.13255737075544, -89.3333333333332, -80.0, -80.131632048828, 0.0, 1.1679979627970924, -16.21359241151765, 0.0, 0.2363291801511734, 0.1681084153309412, -0.1674090100520118, 107.3839950977002, 84.77207349667084, -80.0
1.460000000000001, 99.87081325845641, 71.35219868897202, -2.193498735289853, -89.96724064376947, -80.131632048828, -90.1333333333332, -80.0, -80.1307131427072, 0.0, 1.100111441808284, -16.262423493071545, 0.0, 0.22326617915402996, 0.22111565382210935, -0.16609268956372603, 107.80842028508366, 85.50719948523096, -80.0
1.470000000000001, 100.33457185813303, 72.00566223376784, -2.18249762087177, -90.76854777519654, -80.1307131427072, -90.9333333333332, -80.0, -80.12980060792677, 0.0, 1.0332020832641209, -16.315608770628046, 0.0, 0.21037517682113968, 0.28034643694715133, -0.16478555813665707, 108.23520177802675, 86.24640671473848, -80.0
1.480000000000001, 100.79132906493122, 72.664028117412, -2.1721656000391287, -91.5698457812758, -80.12980060792677, -91.73333333333319, -80.0, -80.12889440032853, 0.0, 0.9828002844593923, -16.163834616729385, 0.0, 0.1982533439174855, 0.5109627799844664, -0.16348755205738996, 108.55973939874534, 86.8085223627906, -80.0
1.490000000000001, 101.24142194391672, 73.32695737760831, -2.1623375971945347, -92.37113472527909, -80.12889440032853, -92.53333333333319, -80.0, -80.12799447606045, 0.0, 0.9021831036364111, -16.431304756742186, 0.0, 0.18500457448317037, 0.40293366375049067, -0.1621986080540978, 109.09393798694411, 87.73378145888245, -80.0
1.500000000000001, 101.68524216811, 73.99409214929956, -2.1533157661581708, -93.1724146700397, -80.12799447606045, -93.33333333333319, -80.0, -80.12710079157434, 0.0, 0.8410119357384215, -16.48051986783446, 0.0, 0.172979101690903, 0.45372586676955395, -0.16091866329348647, 109.51916697451824, 88.4702996702119, -80.0
1.5100000000000011, 102.12322618741014, 74.66506267227693, -2.1449056468007868, -93.97368567795544, -80.12710079157434, -94.13333333333318, -80.0, -80.12621330362386, 0.0, 0.7823049076070083, -16.522957624086096, 0.0, 0.1613203757492504, 0.4975458924463954, -0.15964765537773928, 109.94111175122616, 89.20112946145832, -80.0
1.5200000000000011, 102.55574523198065, 75.33955878613969, -2.1370825977247168, -94.77494781099168, -80.12621330362386, -94.93333333333318, -80.0, -80.1253319692624, 0.0, 0.7260492022252795, -16.559048824912946, 0.0, 0.1500484789697923, 0.5348703157336576, -0.15838552234150427, 110.35996910869193, 89.92661168571308, -78.73509273397644
1.5300000000000011, 102.98316057921458, 76.0172904314118, -2.129822105702464, -95.5762011306843, -80.1253319692624, -95.73333333333318, -80.0, -80.12445674584096, 0.0, 0.6722197768168522, -16.589214655632663, 0.0, 0.13917845594572587, 0.566157041769542, -0.1571322026488815, 110.77593271939548, 90.64708179355145, -77.45677694488818
1.5400000000000011, 103.40582277930562, 76.69798647515776, -2.1230999079342956, -96.37744569814271, -80.12445674584096, -96.53333333333318, -80.0, -80.12358759100613, 0.0, 0.6207823563013504, -16.61386517942993, 0.0, 0.12872107557147341, 0.5918452223948145, -0.15588763519046722, 111.18919239280068, 91.36286854460855, -76.1655279733271
1.5500000000000012, 103.82407104891254, 77.38139356624848, -2.116892084371282, -97.17868157405277, -80.12358759100613, -97.33333333333317, -80.0, -80.12272446269806, 0.0, 0.571695775865492, -16.633398159482482, 0.0, 0.11868347625263428, 0.6123553034179303, -0.15465175928039798, 111.59993345171945, 92.07429292741051, -74.8600824416769
1.5600000000000012, 104.23823280766547, 78.06727503315312, -2.111175126612627, -97.97990881867976, -80.12272446269806, -98.13333333333317, -80.0, -80.12186731914836, 0.0, 0.5249138048635432, -16.648198153694217, 0.0, 0.10906971254387302, 0.6280891743216964, -0.153424514653409, 112.00833621402175, 92.78166726166957, -73.53909584207273
1.5700000000000012, 104.6486233360649, 78.75540983279211, -2.1059259885639916, -98.78112749187125, -80.12186731914836, -98.93333333333317, -80.0, -80.12101611887819, 0.0, 0.48038655775806344, -16.658635834928653, 0.0, 0.09988121860327882, 0.6394303975686146, -0.15220584146192095, 112.4145755666028, 93.48529446037384, -72.20113384172475
1.5800000000000012, 105.05554553659965, 79.44559155567288, -2.1011221229864105, -99.58233765306002, -80.12101611887819, -99.73333333333316, -80.0, -80.12017082069609, 0.0, 0.43806157673918616, -16.6650674981922, 0.0, 0.09111720144806867, 0.6467444991551943, -0.15099568027314092, 112.81882062015102, 94.18546743182773, -70.84466177721164
1.5900000000000012, 105.45928978271894, 80.13762749001965, -2.096741507219019, -100.38353936126698, -80.12017082069609, -100.53333333333316, -80.0, -80.11933138369615, 0.0, 0.3978846538951649, -16.667834723190598, 0.0, 0.08277497497149676, 0.6503793057529067, -0.14979397206617762, 113.2212344347177, 94.88246860432483, -69.46803200995048
1.6000000000000012, 105.86013384269266, 80.83133774572357, -2.0927626606800676, -101.18473267510394, -80.11933138369615, -101.33333333333316, -80.0, -80.11849776725587, 0.0, 0.35980044745619144, -16.667264166399725, 0.0, 0.07485024397689184, 0.6506653167942852, -0.14860065822921342, 113.6219738073845, 95.57656955837703, -68.06946872464506
1.6100000000000012, 106.25834286743411, 81.5265544375414, -2.0891646562055053, -101.98591765277651, -80.11849776725587, -102.13333333333316, -80.0, -80.11766993103441, 0.0, 0.32375293598643007, -16.66366746142133, 0.0, 0.06733734605088562, 0.6479161023276837, -0.147415680556648, 114.02118911446118, 96.26803075339305, -66.6470496350636
1.6200000000000012, 106.65416943308881, 82.22312092595142, -2.0859271268456414, -102.78709435208685, -80.11766993103441, -102.93333333333315, -80.0, -80.11684783497046, 0.0, 0.28968574589053686, -16.6573412101904, 0.0, 0.06022945789088986, 0.6424287194724025, -0.14623898124629875, 114.41902420164121, 96.95710133742244, -65.19868390705611
1.6300000000000012, 107.04785363065162, 82.92089111334874, -2.083030269386736, -103.58826283043656, -80.11684783497046, -103.73333333333315, -80.0, -80.11603143928032, 0.0, 0.2575423807863942, -16.648567050678743, 0.0, 0.05351877168508232, 0.6344841419316265, -0.14507050289658707, 114.81561631640628, 97.64401903007673, -63.72208540313934
1.6400000000000012, 107.43962319609972, 83.61972879276365, -2.0804548455788714, -104.38942314482937, -80.11603143928032, -104.53333333333315, -80.0, -80.11522070445608, 0.0, 0.22726637581886033, -16.637611789203337, 0.0, 0.047196646284756165, 0.6243476983318135, -0.14391018850378146, 115.21109607771594, 98.32901007003025, -62.21474007577585
1.6500000000000012, 107.8296936755537, 84.31950704596262, -2.078182181820683, -105.19057535187393, -80.11522070445608, -105.33333333333314, -80.0, -80.11441559126357, 0.0, 0.1988013955750268, -16.62472758753897, 0.0, 0.04125373718407062, 0.6122695162058471, -0.14275798145921215, 115.60558747865956, 99.01228921961363, -60.67386595762142
1.6600000000000013, 108.21826862083056, 85.02010768760432, -2.0761941678649327, -105.99171950778657, -80.11441559126357, -106.13333333333314, -80.0, -80.11361606074061, 0.0, 0.17209129068489418, -16.610152196607178, 0.0, 0.03568010870735666, 0.5984849692689085, -0.1416138255465711, 115.999207918295, 99.69405981995982, -59.09636367170487
1.6700000000000013, 108.60553981145655, 85.72142075203853, -2.074473254958084, -106.79285566839397, -80.11361606074061, -106.93333333333314, -80.0, -80.112822074195, 0.0, 0.14708012528181688, -16.594109229819544, 0.0, 0.030465331282446117, 0.5832151262877666, -0.14047766493916924, 116.3920682593639, 100.37451389096998, -57.47875464469749
1.6800000000000013, 108.99168749978578, 86.42334401933194, -2.073002453705266, -107.59398388913591, -80.112822074195, -107.73333333333314, -80.0, -80.11203359320271, 0.0, 0.1237121851164166, -16.576808470380108, 0.0, 0.025598566234636782, 0.5666672003468061, -0.13934944419722228, 116.78427290896745, 101.0538322710481, -55.81710314675621
1.6900000000000013, 109.37688067634043, 87.12578257716153, -2.0717653318541016, -108.39510422506794, -80.11203359320271, -108.53333333333313, -80.0, -80.11125057960601, 0.0, 0.10193197415685168, -16.558446207431402, 0.0, 0.0210686401558084, 0.549034997692759, -0.1382291082651932, 117.17591991961817, 101.73218479212758, -54.10691673513918
1.7000000000000013, 109.76127735286981, 87.82864841531827, -2.070746012112533, -109.196216730864, -80.11125057960601, -109.33333333333313, -80.0, -80.11047299551164, 0.0, 0.08168420588573239, -16.539205596888056, 0.0, 0.016864110579378973, 0.530499365619144, -0.13711660246913482, 117.56710110836168, 102.40973048599656, -52.343017375638496
1.7100000000000013, 110.14502486092854, 88.53186004970097, -2.0699291700536757, -109.99732146081911, -80.11047299551164, -110.13333333333313, -80.0, -80.10970080328894, 0.0, 0.06291379414930384, -16.519257043128476, 0.0, 0.012973324412518018, 0.5112286390456247, -0.13601187251401825, 117.95790219189571, 103.08661781833047, -50.51937200609347
1.7200000000000013, 110.52826016401475, 89.23534217284244, -2.0693000321121824, -110.79841846885199, -80.10970080328894, -110.93143802650583, -79.3255567936806, -79.41957984640977, 0.0, 0.04517374364148644, -16.498758598547063, 0.0, 0.009384470338106774, 0.49137908557457666, -0.13301955765383866, 118.34840293580609, 103.76298494717669, -48.62886581869946
1.7300000000000013, 110.90781704485197, 89.9329692435478, -2.068848294675768, -111.5926142673161, -79.41957984640977, -111.71869359444264, -78.1255567936806, -78.20421491645003, 0.0, 0.02901789597825286, -16.47803768312994, 0.0, 0.00611422266594759, 0.47127145120810954, -0.12607932712654701, 118.73531972163144, 104.43314447852745, -46.680258499893775
1.7400000000000013, 111.28131067878007, 90.62005906605538, -2.0685581157159856, -112.37465641648059, -78.20421491645003, -112.49394916237945, -76.9255567936806, -76.99946806695223, 0.0, 0.014799902091985416, -16.457374147831917, 0.0, 0.0031632364767416126, 0.45118151508782495, -0.11929274589886063, 119.11616678253998, 105.09279093793432, -44.679301073101044
1.7500000000000013, 111.64890236843966, 91.29664472720285, -2.0684101166950652, -113.14465109715012, -76.99946806695223, -113.25720473031626, -75.7255567936806, -75.79454243548258, 0.0, 0.0023394739558512284, -16.436890409508713, 0.0, 5.073409745953516E-4, 0.4312324259793363, -0.11255363316614364, 119.49106034559564, 105.74212563657724, -42.6179660954637
1.7600000000000013, 112.01068472717735, 91.96267384907397, -2.068386721955507, -113.90259652150495, -75.79454243548258, -114.00846029825307, -74.5255567936806, -74.58965531493149, 0.0, -0.008523077554543809, -16.4166918827592, 0.0, -0.0018758732362421427, 0.41153057835166146, -0.10586377674812297, 119.86005408106654, 106.38124153408745, -40.48671437753455
1.7700000000000014, 112.36673618579394, 92.61810426222263, -2.0684719527310524, -114.64849307465425, -74.58965531493149, -114.74771586618988, -73.32555679368059, -73.3848020852706, 0.0, -0.01793602463514854, -16.39686634480714, 0.0, -0.0040075681931794425, 0.39216497999380967, -0.09922279153562386, 120.2231938406416, 107.0102180479198, -38.27358039812884
1.7800000000000014, 112.71712162047083, 93.26290110110445, -2.068651312977404, -115.38234109550696, -73.3848020852706, -115.47497143412669, -72.12555679368059, -72.17998259927847, 0.0, -0.026036721463512543, -16.377485958395923, 0.0, -0.005907677237035036, 0.3732092480991458, -0.09263033861972758, 120.58051755473926, 107.62912087548617, -35.96319749028381
1.7900000000000014, 113.06189391638763, 93.8970359840972, -2.068911680192039, -116.10414092149975, -72.17998259927847, -116.1902270020635, -70.92555679368058, -70.97519662128049, 0.0, -0.03295220390769248, -16.358609098639082, 0.0, -0.007594938067462352, 0.35472337338780036, -0.08608608056374578, 120.9320561504116, 108.23800358401206, -33.535250823610035
1.8000000000000014, 113.40109537262721, 94.52048623958645, -2.069241202231116, -116.81389288771256, -70.97519662128049, -116.8934825700003, -69.72555679368058, -69.77044391903814, 0.0, -0.038799765979880316, -16.340282002374277, 0.0, -0.00908692968147181, 0.3367553237473263, -0.07958968228774665, 121.27783436927604, 108.83690902723596, -30.961904055589045
1.8100000000000014, 113.7347589793834, 95.13323421052192, -2.069629199890915, -117.51159732690293, -69.77044391903814, -117.58473813793711, -68.52555679368058, -68.56572426188612, 0.0, -0.04368751629368874, -16.322540262536517, 0.0, -0.010400112466548293, 0.3193424980487964, -0.07314081103417891, 121.61787151258957, 109.42587063591557, -28.203220985501083
1.8200000000000014, 114.06290957563765, 95.73526662913103, -2.0700660750538518, -118.19725456952179, -68.56572426188612, -118.26399370587392, -67.32555679368058, -67.36103742075852, 0.0, -0.04771491564656831, -16.305410179714656, 0.0, -0.011549870683375534, 0.30251304136743135, -0.06673913635212614, 121.95218211752109, 110.00491358916605, -25.198265487725166
1.8300000000000014, 114.38556489569241, 96.32657405515543, -2.0705432242103177, -118.87086494372937, -67.36103742075852, -118.93124927381072, -66.12555679368057, -66.156383168177, 0.0, -0.050973296439058007, -16.288909980217714, 0.0, -0.012550556685967143, 0.2862870321888461, -0.060384330081348025, 122.28077656913725, 110.57405587445047, -21.845531506789264
1.8400000000000014, 114.70273651266145, 96.90715037167396, -2.0710529571747083, -119.53242877541115, -66.156383168177, -119.58650484174753, -64.92555679368057, -64.95176127823981, 0.0, -0.05354636429862879, -16.27305091148805, 0.0, -0.01341553631815981, 0.27067755158414863, -0.0540760663363784, 122.60366165254747, 111.1333092439231, -17.951111574975386
1.8500000000000014, 115.01443068670505, 97.4769923331877, -2.0715884208176942, -120.18194638819355, -64.95176127823981, -120.22976040968433, -63.72555679368057, -63.7471715266108, 0.0, -0.055510682016720894, -16.25783822360539, 0.0, -0.01415723500035, 0.2556916437606624, -0.047814021490779623, 122.92084104955326, 111.68268007465117, -13.038262775939103
1.8600000000000014, 115.32064912546599, 98.03609916116612, -2.0721435276378615, -120.81941810345965, -63.7471715266108, -120.86101597762114, -62.525556793680565, -62.54261369050865, 0.0, -0.05693613572144976, -16.243272046952214, 0.0, -0.014787184085433459, 0.24133117684562005, -0.041597874161482196, 123.2323157840153, 112.22217014001345, -4.526413997046589
1.8700000000000014, 115.62138966380392, 98.58447218271017, -2.072712888995076, -121.44484424036474, -62.54261369050865, -121.48027154555794, -61.32555679368056, -61.33808754869604, 0.0, -0.05788638309561639, -15.70142437223888, 0.0, -0.014817851398394144, 0.22759361222206698, -0.03542730519319548, 123.5380846199916, 112.7517772992956, -0.0
1.8800000000000014, 115.91664686956389, 99.12211450838227, -2.073291752826032, -122.0582251158517, -61.33808754869604, -122.08752711349474, -60.12555679368056, -60.13359288146897, 0.0, -0.056749669472317014, -15.70142437223888, 0.0, -0.014817851398394144, 0.22759361222206698, -0.029301997643045752, 123.5380846199916, 112.7517772992956, -0.0
1.8900000000000015, 116.20640818322416, 99.64903316499318, -2.0738592495207553, -122.65956104466639, -60.13359288146897, -122.68278268143155, -58.925556793680556, -58.92912947064612, 0.0, -0.05561298534651683, -15.70142437223888, 0.0, -0.014817851398394144, 0.22759361222206698, -0.023221636765157427, 123.5380846199916, 112.7517772992956, -0.0
1.9000000000000015, 116.4906556935867, 100.16523813776983, -2.07441537937422, -123.24885233937285, -58.92912947064612, -123.26603824936835, -57.72555679368055, -57.72469709955833, 0.0, -0.05447633051373942, -15.70142437223888, 0.0, -0.014817851398394144, 0.22759361222206698, -0.01718590999550429, 123.5380846199916, 112.7517772992956, -0.0
1.9100000000000015, 116.76937185977147, 100.67073923172539, -2.074960142679358, -123.82609931036843, -57.72469709955833, -123.83729381730515, -56.52555679368055, -56.520295553038075, 0.0, -0.053339704770925464, -15.70142437223888, 0.0, -0.014817851398394144, 0.22759361222206698, -0.011194506936718085, 123.5380846199916, 112.7517772992956, -0.0
1.9200000000000015, 117.04253951065435, 101.1655460706811, -2.0754935397270673, -124.39130226589882, -56.520295553038075, -124.39654938524195, -55.32555679368055, -55.315924617409095, 0.0, -0.05220310791642299, -15.70142437223888, 0.0, -0.014817851398394144, 0.22759361222206698, -0.005247119343138706, 123.5380846199916, 112.7517772992956, -0.0
1.9300000000000015, 117.31014184431515, 101.6496680963093, -2.0760155708062316, -124.9444615120729, -55.315924617409095, -124.94380495317876, -54.125556793680545, -54.111584080476035, 0.0, -0.05106653974997761, -15.70142437223888, 0.0, -0.014817851398394144, 0.22759361222206698, 6.56558894149839E-4, 123.5380846199916, 112.7517772992956, -0.0
1.9400000000000015, 117.57216242749567, 102.12311456719743, -2.076526236203731, -125.48557735287767, -54.111584080476035, -125.47906052111556, -52.92555679368054, -52.907273731514195, 0.0, -0.04993000007272283, -15.70142437223888, 0.0, -0.014817851398394144, 0.22759361222206698, 0.006516831762112929, 123.5380846199916, 112.7517772992956, -0.0
1.9500000000000015, 117.82858519506776, 102.58589455793332, -2.0770255362044585, -126.01465009019282, -52.907273731514195, -126.00231608905236, -51.72555679368054, -51.70299336125933, 0.0, -0.04879348868717042, -15.70142437223888, 0.0, -0.014817851398394144, 0.22759361222206698, 0.01233400114045935, 123.5380846199916, 112.7517772992956, -0.0
1.9600000000000015, 118.07939444951157, 103.03801695821132, -2.07751347109133, -126.53168002380541, -51.70299336125933, -126.51357165698916, -50.525556793680536, -50.49874276189753, 0.0, -0.04765700539720086, -15.70142437223888, 0.0, -0.014817851398394144, 0.22759361222206698, 0.018108366816250054, 123.5380846199916, 112.7517772992956, -0.0
1.9700000000000015, 118.32457486040428, 103.47949047195954, -2.077990041145302, -127.03666745142438, -50.49874276189753, -127.01282722492596, -49.32555679368053, -49.29452172705519, 0.0, -0.046520550008053906, -15.70142437223888, 0.0, -0.014817851398394144, 0.22759361222206698, 0.023840226498421657, 123.5380846199916, 112.7517772992956, -0.0
1.9800000000000015, 118.56411146391912, 103.91032361648784, -2.0784552466453823, -127.52961266869492, -49.29452172705519, -127.50008279286276, -48.12555679368053, -48.090330051788975, 0.0, -0.04538412232631908, -15.70142437223888, 0.0, -0.014817851398394144, 0.22759361222206698, 0.029529875832167818, 123.5380846199916, 112.7517772992956, -0.0
1.9900000000000015, 118.7979896623346, 104.33052472165699, -2.078909087868646, -128.0105159692128, -48.090330051788975, -127.97533836079955, -46.92555679368053, -46.88616753257596, 0.0, -0.0442477221599264, -15.70142437223888, 0.0, -0.014817851398394144, 0.22759361222206698, 0.03517760841324957, 123.5380846199916, 112.7517772992956, -0.0
2.0000000000000013, 119.02619522355444, 104.74010192906843, -2.0793515650902448, -128.47937764453857, -46.88616753257596, -128.43859392873634, -45.72555679368055, -45.68203396730377, 0.0, -0.04311134931813704, -15.70142437223888, 0.0, -0.014817851398394144, 0.22759361222206698, 0.04078371580223461, 123.5380846199916, 112.7517772992956, -0.0
2.010000000000001, 119.24871428063807, 105.13906319127497, -2.0797826785834266, -128.93619798421162, -45.68203396730377, -128.88984949667312, -44.52555679368058, -44.47792915526078, 0.0, -0.041975003611534105, -15.70142437223888, 0.0, -0.014817851398394144, 0.22759361222206698, 0.046348487538494965, 123.5380846199916, 112.7517772992956, -0.0
2.020000000000001, 119.46553333134142, 105.52741627101236, -2.0802024286195415, -129.38097727576422, -44.47792915526078, -129.3291050646099, -43.325556793680605, -43.27385289712645, 0.0, -0.04083868485201351, -15.70142437223888, 0.0, -0.014817851398394144, 0.22759361222206698, 0.05187221115431839, 123.5380846199916, 112.7517772992956, -0.0
2.0300000000000007, 119.6766392376687, 105.90516874045143, -2.080610815468062, -129.8137158047355, -43.27385289712645, -129.7563606325467, -42.12555679368063, -42.069804994961636, 0.0, -0.03970239285277481, -15.70142437223888, 0.0, -0.014817851398394144, 0.22759361222206698, 0.05735517218880659, 123.5380846199916, 112.7517772992956, -0.0
2.0400000000000005, 119.88201922543476, 106.27232798047105, -2.0810078393965896, -130.2344138546851, -42.069804994961636, -130.1716162004835, -40.925556793680656, -40.8657852521991, 0.0, -0.03856612742831231, -15.70142437223888, 0.0, -0.014817851398394144, 0.22759361222206698, 0.06279765420160288, 123.5380846199916, 112.7517772992956, -0.0
2.0500000000000003, 120.08166088383817, 106.62890117995177, -2.0813935006708726, -130.6430717072071, -40.8657852521991, -130.5748717684203, -39.72555679368068, -39.66179347363386, 0.0, -0.03742988839440584, -15.70142437223888, 0.0, -0.014817851398394144, 0.22759361222206698, 0.06819993878679043, 123.5380846199916, 112.7517772992956, -0.0
2.06, 120.27555216504524, 106.97489533509005, -2.0817677995548167, -131.03968964194343, -39.66179347363386, -130.96612733635712, -38.52555679368071, -38.45782946541387, 0.0, -0.036293675568112124, -15.70142437223888, 0.0, -0.014817851398394144, 0.22759361222206698, 0.07356230558630728, 123.5380846199916, 112.7517772992956, -0.0
2.07, 120.4636813837846, 107.31031724873333, -2.082130736310498, -131.42426793659757, -38.45782946541387, -131.34538290429393, -37.32555679368073, -37.25389303503061, 0.0, -0.03515748876775571, -15.70142437223888, 0.0, -0.014817851398394144, 0.22759361222206698, 0.07888503230364563, 123.5380846199916, 112.7517772992956, -0.0
2.0799999999999996, 120.64603721695336, 107.63517352973516, -2.0824823111981754, -131.7968068669479, -37.25389303503061, -131.71263847223074, -36.12555679368076, -36.04998399130975, 0.0, -0.034021327812920325, -15.70142437223888, 0.0, -0.014817851398394144, 0.22759361222206698, 0.0841683947171532, 123.5380846199916, 112.7517772992956, -0.0
2.0899999999999994, 120.82260870323353, 107.94947059233145, -2.0828225244763043, -132.157306706861, -36.04998399130975, -132.06789404016754, -34.925556793680784, -34.84610214440197, 0.0, -0.03288519252444012, -15.70142437223888, 0.0, -0.014817851398394144, 0.22759361222206698, 0.08941266669344827, 123.5380846199916, 112.7517772992956, -0.0
2.099999999999999, 120.99338524271981, 108.25321465553701, -2.083151376401549, -132.50576772830502, -34.84610214440197, -132.41114960810435, -33.72555679368081, -33.64224730577367, 0.0, -0.03174908272439092, -15.70142437223888, 0.0, -0.014817851398394144, 0.22759361222206698, 0.09461812020066418, 123.5380846199916, 112.7517772992956, -0.0
2.109999999999999, 121.15835659655829, 108.54641174256255, -2.0834688672287927, -132.84219020136274, -33.64224730577367, -132.74240517604116, -32.525556793680835, -32.438419288197984, 0.0, -0.030612998236081764, -15.70142437223888, 0.0, -0.014817851398394144, 0.22759361222206698, 0.09978502532158018, 123.5380846199916, 112.7517772992956, -0.0
2.1199999999999988, 121.3175128865967, 108.82906768025205, -2.0837749972111537, -133.16657439424472, -32.438419288197984, -133.06166074397797, -31.32555679368086, -31.234617905745566, 0.0, -0.029476938884046185, -15.70142437223888, 0.0, -0.014817851398394144, 0.22759361222206698, 0.10491365026675226, 123.5380846199916, 112.7517772992956, -0.0
2.1299999999999986, 121.47084459504521, 109.1011880985408, -2.084069766599994, -133.47892057330216, -31.234617905745566, -133.36891631191477, -30.125556793680886, -30.030842973775744, 0.0, -0.028340904494033873, -15.70142437223888, 0.0, -0.014817851398394144, 0.22759361222206698, 0.11000426138738817, 123.5380846199916, 112.7517772992956, -0.0
2.1399999999999983, 121.61834256414865, 109.36277842993375, -2.0843531756449343, -133.77922900303992, -30.030842973775744, -133.66417187985158, -28.92555679368091, -28.8270943089275, 0.0, -0.027204894893002166, -15.70142437223888, 0.0, -0.014817851398394144, 0.22759361222206698, 0.11505712318833616, 123.5380846199916, 112.7517772992956, -0.0
2.149999999999998, 121.75999799587001, 109.61384390900423, -2.0846252245938643, -134.0674999461292, -28.8270943089275, -133.94742744778839, -27.725556793680937, -27.623371729110627, 0.0, -0.02606890990910769, -15.70142437223888, 0.0, -0.014817851398394144, 0.22759361222206698, 0.1200724983408179, 123.5380846199916, 112.7517772992956, -0.0
2.159999999999998, 121.89580245158545, 109.85438957191288, -2.084885913692956, -134.34373366342032, -27.623371729110627, -134.2186830157252, -26.525556793680963, -26.419675053496945, 0.0, -0.0249329493716981, -15.70142437223888, 0.0, -0.014817851398394144, 0.22759361222206698, 0.12505064769513297, 123.5380846199916, 112.7517772992956, -0.0
2.1699999999999977, 122.02574785179014, 110.08442025594718, -2.0851352431866728, -134.6079304139553, -26.419675053496945, -134.477938583662, -25.325556793680988, -25.216004102511526, 0.0, -0.02379701311130375, -15.70142437223888, 0.0, -0.014817851398394144, 0.22759361222206698, 0.12999183029330652, 123.5380846199916, 112.7517772992956, -0.0
2.1799999999999975, 122.14982647581563, 110.30394059908117, -2.0853732133177854, -134.86009045498042, -25.216004102511526, -134.7251941515988, -24.125556793681014, -24.01235869782401, 0.0, -0.02266110095962955, -15.70142437223888, 0.0, -0.014817851398394144, 0.22759361222206698, 0.13489630338162328, 123.5380846199916, 112.7517772992956, -0.0
2.1899999999999973, 122.2680309615587, 110.51295503955544, -2.0855998243273817, -135.10021404195865, -24.01235869782401, -134.9604497195356, -22.92555679368104, -22.80873866233999, 0.0, -0.021525212749546798, -15.70142437223888, 0.0, -0.014817851398394144, 0.22759361222206698, 0.13976432242304782, 123.5380846199916, 112.7517772992956, -0.0
2.199999999999997, 122.3803543052214, 110.71146781547742, -2.0858150764548773, -135.32830142858205, -22.80873866233999, -135.1837052874724, -21.725556793681065, -21.605143820192414, 0.0, -0.020389348315085088, -15.70142437223888, 0.0, -0.014817851398394144, 0.22759361222206698, 0.1445961411096448, 123.5380846199916, 112.7517772992956, -0.0
2.209999999999997, 122.486789861063, 110.8994829644418, -2.0860189699380283, -135.54435286678398, -21.605143820192414, -135.3949608554092, -20.52555679368109, -20.401573996733138, 0.0, -0.019253507491424324, -15.70142437223888, 0.0, -0.014817851398394144, 0.22759361222206698, 0.14939201137477198, 123.5380846199916, 112.7517772992956, -0.0
2.2199999999999966, 122.58733134116274, 111.07700432317138, -2.086211505012942, -135.7483686067513, -20.401573996733138, -135.594216423346, -19.325556793681116, -19.198029018524426, 0.0, -0.018117690114886703, -15.70142437223888, 0.0, -0.014817851398394144, 0.22759361222206698, 0.15415218340530146, 123.5380846199916, 112.7517772992956, -0.0
2.2299999999999964, 122.68197281519431, 111.24403552717807, -2.0863926819140914, -135.94034889693657, -19.198029018524426, -135.7814719912828, -18.12555679368114, -17.994508713330593, 0.0, -0.016981896022928836, -15.70142437223888, 0.0, -0.014817851398394144, 0.22759361222206698, 0.15887690565375578, 123.5380846199916, 112.7517772992956, -0.0
2.239999999999996, 122.77070871021233, 111.40058001044385, -2.0865625008743205, -136.1202939840699, -17.994508713330593, -135.95672755921962, -16.925556793681167, -16.79101291010965, 0.0, -0.01584612505413385, -15.70142437223888, 0.0, -0.014817851398394144, 0.22759361222206698, 0.1635664248502735, 123.5380846199916, 112.7517772992956, -0.0
2.249999999999996, 122.85353381044955, 111.54664100512225, -2.086720962124862, -136.288204113171, -16.79101291010965, -136.11998312715642, -15.725556793681193, -15.587541439005067, 0.0, -0.014710377048203629, -15.70142437223888, 0.0, -0.014817851398394144, 0.22759361222206698, 0.1682209860145747, 123.5380846199916, 112.7517772992956, -0.0
2.259999999999996, 122.93044325712614, 111.68222154125984, -2.0868680658953442, -136.44407952756103, -15.587541439005067, -136.27123869509322, -14.525556793681218, -14.384094131337516, 0.0, -0.013574651845951006, -15.70142437223888, 0.0, -0.014817851398394144, 0.22759361222206698, 0.1728408324678128, 123.5380846199916, 112.7517772992956, -0.0
2.2699999999999956, 123.0014325482704, 111.80732444653778, -2.0870038124138035, -136.58792046887442, -14.384094131337516, -136.41049426303002, -13.325556793681244, -13.1806708195967, 0.0, -0.01243894928929206, -15.70142437223888, 0.0, -0.014817851398394144, 0.22759361222206698, 0.17742620584439805, 123.5380846199916, 112.7517772992956, -0.0
2.2799999999999954, 123.06649753855127, 111.92195234603352, -2.0871282019066966, -136.71972717707038, -13.1806708195967, -136.53774983096682, -12.12555679368127, -11.977271337433336, 0.0, -0.011303269221238556, -15.70142437223888, 0.0, -0.014817851398394144, 0.22759361222206698, 0.1819773461035652, 123.5380846199916, 112.7517772992956, -0.0
2.289999999999995, 123.12563443912192, 112.02610766200287, -2.087241234598909, -136.83949989044473, -11.977271337433336, -137.14626861260362, -10.925556793681295, -11.14399090889012, 0.0, -0.010516880338891385, -15.70142437223888, 0.0, -0.014817851398394144, 0.22759361222206698, -0.3067687221588926, 123.5380846199916, 112.7517772992956, -0.0
